{"epoch": 10, "train_loss": 0.21179802680768897, "train_accuracy": 0.9226851851851852, "val_loss": 0.31823702755879085, "val_accuracy": 0.8885, "_runtime": 39, "_timestamp": 1645783573, "_step": 10, "test_loss": 0.354541968955164, "test_accuracy": 0.8777, "_wandb": {"runtime": 37}}