{"epoch": 10, "train_loss": 0.21272391476896277, "train_accuracy": 0.9216851851851852, "val_loss": 0.3481808294513718, "val_accuracy": 0.8756666666666667, "_runtime": 35, "_timestamp": 1645730168, "_step": 9, "_wandb": {"runtime": 33}}