{"epoch": 10, "train_loss": 0.2565987143502741, "train_accuracy": 0.908434537914692, "val_loss": 0.3134593411787291, "val_accuracy": 0.8871666666666667, "_runtime": 34, "_timestamp": 1645704225, "_step": 9, "_wandb": {"runtime": 33}}