{"epoch": 10, "train_loss": 0.4951905064492352, "train_accuracy": 0.8427626382306478, "val_loss": 0.4932430419781211, "val_accuracy": 0.839, "_runtime": 24, "_timestamp": 1645702723, "_step": 9, "_wandb": {"runtime": 18}}