{"epoch": 10, "train_loss": 0.3441867581561395, "train_accuracy": 0.8782037037037037, "val_loss": 0.3602966940604045, "val_accuracy": 0.8703333333333333, "_runtime": 19, "_timestamp": 1645733814, "_step": 9, "_wandb": {"runtime": 19}}