{"epoch": 10, "train_loss": 0.6867851084643986, "train_accuracy": 0.7598888888888888, "val_loss": 0.6916608757271674, "val_accuracy": 0.7593333333333333, "_runtime": 38, "_timestamp": 1645771594, "_step": 10, "test_loss": 0.712099116111782, "test_accuracy": 0.7463, "_wandb": {"runtime": 38}}