{"epoch": 10, "train_loss": 0.44872535607979813, "train_accuracy": 0.8417037037037037, "val_loss": 0.45198857338991727, "val_accuracy": 0.8386666666666667, "_runtime": 37, "_timestamp": 1645732911, "_step": 9, "_wandb": {"runtime": 36}}