{"epoch": 10, "train_loss": 0.16721911438455192, "train_accuracy": 0.9389259259259259, "val_loss": 0.36763781102337606, "val_accuracy": 0.8843333333333333, "_runtime": 32, "_timestamp": 1645734510, "_step": 9, "_wandb": {"runtime": 31}}