{"epoch": 5, "train_loss": 0.31990343956346706, "train_accuracy": 0.8887037037037037, "val_loss": 0.3605940032484472, "val_accuracy": 0.8703333333333333, "_runtime": 19, "_timestamp": 1645729037, "_step": 4, "_wandb": {"runtime": 19}}