{"epoch": 5, "train_loss": 0.24142068860422555, "train_accuracy": 0.9124074074074074, "val_loss": 0.3106870024729347, "val_accuracy": 0.8856666666666667, "_runtime": 18, "_timestamp": 1645784621, "_step": 5, "test_loss": 0.3495355018410514, "test_accuracy": 0.8785, "_wandb": {"runtime": 17}}