{"epoch": 5, "loss": 0.5263338660605847, "accuracy": 0.8186666666666667, "_runtime": 16, "_timestamp": 1645699706, "_step": 4, "_wandb": {"runtime": 15}}