{"epoch": 5, "train_loss": 2.2896639934692202, "train_accuracy": 0.3645, "val_loss": 2.2873339450435295, "val_accuracy": 0.33166666666666667, "_runtime": 25, "_timestamp": 1645779541, "_step": 5, "test_loss": 2.2874457392573486, "test_accuracy": 0.3232, "_wandb": {"runtime": 25}}