{"epoch": 5, "train_loss": 0.4339014501614403, "train_accuracy": 0.8521666666666666, "val_loss": 0.4298029309174414, "val_accuracy": 0.8496666666666667, "_runtime": 35, "_timestamp": 1645771998, "_step": 5, "test_loss": 0.4472938541680095, "test_accuracy": 0.8438, "_wandb": {"runtime": 34}}