{"epoch": 10, "train_loss": 0.2181084666506127, "train_accuracy": 0.9194629629629629, "val_loss": 0.3192054533959792, "val_accuracy": 0.8865, "_runtime": 28, "_timestamp": 1645724122, "_step": 9, "_wandb": {"runtime": 27}}