{"epoch": 10, "train_loss": 0.320169818733073, "train_accuracy": 0.8836111111111111, "val_loss": 0.38733893630358096, "val_accuracy": 0.8603333333333333, "_runtime": 33, "_timestamp": 1645728522, "_step": 9, "_wandb": {"runtime": 32}}