{"epoch": 10, "train_loss": 0.22140970910510108, "train_accuracy": 0.9201851851851852, "val_loss": 0.3139620422639552, "val_accuracy": 0.8868333333333334, "_runtime": 33, "_timestamp": 1645784431, "_step": 10, "test_loss": 0.3464905166627121, "test_accuracy": 0.877, "_wandb": {"runtime": 32}}