{"epoch": 5, "train_loss": 0.3777568126913364, "train_accuracy": 0.8682407407407408, "val_loss": 0.377745347277507, "val_accuracy": 0.8656666666666667, "_runtime": 45, "_timestamp": 1645799664, "_step": 5, "test_loss": 0.41026716836555516, "test_accuracy": 0.8559, "test_conf_mat_table": {"_type": "table-file", "path": "media/table/test_conf_mat_table_5_0cd9cb30dd7dbba10e20.table.json", "sha256": "0cd9cb30dd7dbba10e20e8b92138ac39b6391b32f1ff34208ca0edc2d3fd9415", "size": 2936, "artifact_path": "wandb-client-artifact://k0nnppfiaphfelq6b1e56l5x0rj3a18ptq45h3qcdrvr1whhpydmi2l3hxle9507wh9agcgd19zzv15a78f874u4v551kwb7ylqysiltxeqiag066oko8fg2acl3iyvg:latest/test_conf_mat_table.table.json", "_latest_artifact_path": "wandb-client-artifact://k0nnppfiaphfelq6b1e56l5x0rj3a18ptq45h3qcdrvr1whhpydmi2l3hxle9507wh9agcgd19zzv15a78f874u4v551kwb7ylqysiltxeqiag066oko8fg2acl3iyvg:latest/test_conf_mat_table.table.json", "ncols": 3, "nrows": 100}, "_wandb": {"runtime": 48}}