{"epoch": 10, "train_loss": 0.21242302190493811, "train_accuracy": 0.9212222222222223, "val_loss": 0.3387391496609904, "val_accuracy": 0.8845, "_runtime": 35, "_timestamp": 1645734469, "_step": 9, "_wandb": {"runtime": 34}}