{"epoch": 10, "train_loss": 0.3238520299771256, "train_accuracy": 0.8854968898104265, "val_loss": 0.34094533292945606, "val_accuracy": 0.8753333333333333, "_runtime": 48, "_timestamp": 1645704865, "_step": 9, "_wandb": {"runtime": 46}}