{"epoch": 10, "train_loss": 0.2570942544080512, "train_accuracy": 0.9087222222222222, "val_loss": 0.31363545859937075, "val_accuracy": 0.8845, "_runtime": 37, "_timestamp": 1645732745, "_step": 9, "_wandb": {"runtime": 35}}