{"epoch": 5, "train_loss": 0.2972604224835966, "train_accuracy": 0.8915925925925926, "val_loss": 0.36394885952448536, "val_accuracy": 0.8688333333333333, "_runtime": 27, "_timestamp": 1645775560, "_step": 5, "test_loss": 0.3917182814549984, "test_accuracy": 0.8616, "_wandb": {"runtime": 26}}