{"epoch": 10, "train_loss": 0.16848515654388732, "train_accuracy": 0.9376481481481481, "val_loss": 0.3696335007002429, "val_accuracy": 0.8888333333333334, "_runtime": 33, "_timestamp": 1645730464, "_step": 9, "_wandb": {"runtime": 32}}