{"epoch": 10, "train_loss": 0.3380419399068878, "train_accuracy": 0.8821851851851852, "val_loss": 0.3618570229186226, "val_accuracy": 0.8728333333333333, "_runtime": 25, "_timestamp": 1645728925, "_step": 9, "_wandb": {"runtime": 25}}