{"epoch": 10, "train_loss": 0.28061378390253633, "train_accuracy": 0.9013888888888889, "val_loss": 0.34225798881490704, "val_accuracy": 0.8773333333333333, "_runtime": 18, "_timestamp": 1645726075, "_step": 9, "_wandb": {"runtime": 17}}