{"epoch": 10, "train_loss": 0.3228595410272377, "train_accuracy": 0.8856666666666667, "val_loss": 0.3404363808765114, "val_accuracy": 0.8753333333333333, "_runtime": 47, "_timestamp": 1645733682, "_step": 9, "_wandb": {"runtime": 47}}