{"epoch": 10, "train_loss": 0.345907421313176, "train_accuracy": 0.8846481481481482, "val_loss": 0.38604721693431854, "val_accuracy": 0.87, "_runtime": 40, "_timestamp": 1645785940, "_step": 10, "test_loss": 0.4101284214758004, "test_accuracy": 0.8585, "_wandb": {"runtime": 39}}