{"epoch": 5, "train_loss": 0.3695558585820222, "train_accuracy": 0.8717962962962963, "val_loss": 0.38052619600922816, "val_accuracy": 0.8648333333333333, "_runtime": 13, "_timestamp": 1645783462, "_step": 5, "test_loss": 0.40958380080764084, "test_accuracy": 0.8557, "_wandb": {"runtime": 13}}