{"epoch": 5, "train_loss": 0.2958299390338529, "train_accuracy": 0.8912037037037037, "val_loss": 0.3303757817603098, "val_accuracy": 0.876, "_runtime": 19, "_timestamp": 1645778126, "_step": 5, "test_loss": 0.3738137272522481, "test_accuracy": 0.8648, "_wandb": {"runtime": 18}}