{"epoch": 10, "train_loss": 0.6453174228449624, "train_accuracy": 0.7927222222222222, "val_loss": 0.6440836261436043, "val_accuracy": 0.7891666666666667, "_runtime": 35, "_timestamp": 1645702334, "_step": 9, "_wandb": {"runtime": 34}}