{"epoch": 10, "train_loss": 0.2664096381492627, "train_accuracy": 0.9058148148148149, "val_loss": 0.34841234760913903, "val_accuracy": 0.8761666666666666, "_runtime": 24, "_timestamp": 1645728193, "_step": 9, "_wandb": {"runtime": 23}}