{"epoch": 10, "train_loss": 0.2468901264462957, "train_accuracy": 0.9086666666666666, "val_loss": 0.3524626333753226, "val_accuracy": 0.8776666666666667, "_runtime": 28, "_timestamp": 1645776058, "_step": 10, "test_loss": 0.38513187081778255, "test_accuracy": 0.8696, "_wandb": {"runtime": 26}}