{"epoch": 5, "train_loss": 0.33103117997341625, "train_accuracy": 0.881537037037037, "val_loss": 0.37319711613035017, "val_accuracy": 0.8651666666666666, "_runtime": 15, "_timestamp": 1645724723, "_step": 4, "_wandb": {"runtime": 14}}