{"epoch": 10, "train_loss": 0.2818785229179905, "train_accuracy": 0.8991111111111111, "val_loss": 0.3538520591206625, "val_accuracy": 0.8703333333333333, "_runtime": 23, "_timestamp": 1645727713, "_step": 9, "_wandb": {"runtime": 22}}