{"epoch": 10, "train_loss": 0.28706977129960815, "train_accuracy": 0.8948148148148148, "val_loss": 0.36646745384525653, "val_accuracy": 0.8645, "_runtime": 23, "_timestamp": 1645726358, "_step": 9, "_wandb": {"runtime": 23}}