{"epoch": 10, "train_loss": 0.034973331604825214, "train_accuracy": 0.7527037037037037, "val_loss": 0.033403925051915716, "val_accuracy": 0.7556666666666667, "_runtime": 86, "_timestamp": 1645799540, "_step": 10, "test_loss": 0.03402238673626876, "test_accuracy": 0.7527, "test_conf_mat_table": {"_type": "table-file", "path": "media/table/test_conf_mat_table_10_dc38636744699edd17c9.table.json", "sha256": "dc38636744699edd17c93f5985f3e0cd9bb82b59ed446555fe89b3f183586894", "size": 2940, "artifact_path": "wandb-client-artifact://lmlptide4p3wm4iomh1a3mttaexo3cd3vge3wg4o82n7t7it74vwe49lof0wzax9wq4axa9hzjvunh704f5ulq2oh600dwg5fmv196i99s02aahb7hmojud1bxpx7x95:latest/test_conf_mat_table.table.json", "_latest_artifact_path": "wandb-client-artifact://lmlptide4p3wm4iomh1a3mttaexo3cd3vge3wg4o82n7t7it74vwe49lof0wzax9wq4axa9hzjvunh704f5ulq2oh600dwg5fmv196i99s02aahb7hmojud1bxpx7x95:latest/test_conf_mat_table.table.json", "ncols": 3, "nrows": 100}, "_wandb": {"runtime": 88}}