{"epoch": 10, "train_loss": 0.17537788248902852, "train_accuracy": 0.9349814814814815, "val_loss": 0.37522665174741066, "val_accuracy": 0.8863333333333333, "_runtime": 47, "_timestamp": 1645729703, "_step": 9, "_wandb": {"runtime": 46}}