{"epoch": 10, "loss": 0.6306924311098016, "accuracy": 0.7733333333333333, "_runtime": 20, "_timestamp": 1645699616, "_step": 9, "_wandb": {"runtime": 19}}