{"epoch": 10, "train_loss": 0.27808908332730936, "train_accuracy": 0.9003888888888889, "val_loss": 0.31840842529840124, "val_accuracy": 0.8836666666666667, "_runtime": 30, "_timestamp": 1645730591, "_step": 9, "_wandb": {"runtime": 30}}