{"epoch": 10, "train_loss": 0.29321499638692644, "train_accuracy": 0.8925, "val_loss": 0.40312449447744664, "val_accuracy": 0.8613333333333333, "_runtime": 38, "_timestamp": 1645704011, "_step": 9, "_wandb": {"runtime": 38}}