{"epoch": 10, "train_loss": 0.21011369630044333, "train_accuracy": 0.9239074074074074, "val_loss": 0.33073976670578764, "val_accuracy": 0.8815, "_runtime": 36, "_timestamp": 1645734047, "_step": 9, "_wandb": {"runtime": 35}}