{"epoch": 10, "train_loss": 0.2707102652581269, "train_accuracy": 0.9032407407407408, "val_loss": 0.3099891318027461, "val_accuracy": 0.8876666666666667, "_runtime": 34, "_timestamp": 1645730881, "_step": 9, "_wandb": {"runtime": 34}}