{"epoch": 5, "train_loss": 0.2924153353551851, "train_accuracy": 0.8918703703703704, "val_loss": 0.3657137734531421, "val_accuracy": 0.8673333333333333, "_runtime": 23, "_timestamp": 1645773735, "_step": 5, "test_loss": 0.3939109765923778, "test_accuracy": 0.8616, "_wandb": {"runtime": 22}}