{"epoch": 5, "train_loss": 0.3261846464007117, "train_accuracy": 0.8852037037037037, "val_loss": 0.37704189983626507, "val_accuracy": 0.8663333333333333, "_runtime": 19, "_timestamp": 1645727620, "_step": 4, "_wandb": {"runtime": 19}}