{"epoch": 10, "train_loss": 0.25910961258024523, "train_accuracy": 0.9065185185185185, "val_loss": 0.3078097613302695, "val_accuracy": 0.8863333333333333, "_runtime": 56, "_timestamp": 1645783526, "_step": 10, "test_loss": 0.34069916647479814, "test_accuracy": 0.8786, "_wandb": {"runtime": 55}}