{"epoch": 10, "train_loss": 0.20554917754301708, "train_accuracy": 0.925037037037037, "val_loss": 0.3307691204054499, "val_accuracy": 0.8875, "_runtime": 21, "_timestamp": 1645729128, "_step": 9, "_wandb": {"runtime": 20}}