{"epoch": 10, "train_loss": 0.3333671486210708, "train_accuracy": 0.881, "val_loss": 0.38690046967798497, "val_accuracy": 0.8618333333333333, "_runtime": 35, "_timestamp": 1645769537, "_step": 9, "_wandb": {"runtime": 35}}