{"epoch": 5, "train_loss": 0.3359282216205797, "train_accuracy": 0.8781296296296296, "val_loss": 0.39183925814552184, "val_accuracy": 0.8538333333333333, "_runtime": 22, "_timestamp": 1645778446, "_step": 5, "test_loss": 0.42296454064899236, "test_accuracy": 0.8474, "_wandb": {"runtime": 20}}