{"epoch": 10, "train_loss": 0.23584246113576113, "train_accuracy": 0.9167407407407407, "val_loss": 0.329267841106087, "val_accuracy": 0.8798333333333334, "_runtime": 22, "_timestamp": 1645732178, "_step": 9, "_wandb": {"runtime": 21}}