{"epoch": 5, "train_loss": 0.4137416235419843, "train_accuracy": 0.8642037037037037, "val_loss": 0.41320830337642483, "val_accuracy": 0.8551666666666666, "_runtime": 13, "_timestamp": 1645733482, "_step": 4, "_wandb": {"runtime": 12}}