{"epoch": 10, "train_loss": 0.20026563302585357, "train_accuracy": 0.9272407407407407, "val_loss": 0.3523994430582694, "val_accuracy": 0.8861666666666667, "_runtime": 66, "_timestamp": 1645776412, "_step": 10, "test_loss": 0.3838577940476472, "test_accuracy": 0.8789, "_wandb": {"runtime": 65}}