{"epoch": 5, "train_loss": 0.557907764434504, "train_accuracy": 0.7963518518518519, "val_loss": 0.5491897911919744, "val_accuracy": 0.7955, "_runtime": 13, "_timestamp": 1645773757, "_step": 5, "test_loss": 0.5673790124670419, "test_accuracy": 0.7939, "_wandb": {"runtime": 12}}