{"examples": {"_type": "image-file", "path": "media/images/examples_0_b798d2ef9500196b1939.png", "sha256": "b798d2ef9500196b19392a0d2d4f9e67c8d193d83953c4019059e5f6471defb4", "size": 13767, "format": "png", "width": 720, "height": 360}, "_runtime": 141, "_timestamp": 1645783175, "_step": 10, "epoch": 10, "train_loss": 0.10596303145340345, "train_accuracy": 0.9668703703703704, "val_loss": 0.1759639966935575, "val_accuracy": 0.9521666666666667, "_wandb": {"runtime": 127}}