{"epoch": 10, "train_loss": 0.47909509888768936, "train_accuracy": 0.8315185185185185, "val_loss": 0.47568904457159017, "val_accuracy": 0.8308333333333333, "_runtime": 24, "_timestamp": 1645780604, "_step": 10, "test_loss": 0.5105168496374541, "test_accuracy": 0.8185, "_wandb": {"runtime": 22}}