{"epoch": 10, "train_loss": 0.20604164017276877, "train_accuracy": 0.9272407407407407, "val_loss": 0.32788311694886046, "val_accuracy": 0.8861666666666667, "_runtime": 58, "_timestamp": 1645777656, "_step": 10, "test_loss": 0.36275115980792094, "test_accuracy": 0.8718, "_wandb": {"runtime": 57}}