{"epoch": 5, "train_loss": 0.2745181094221516, "train_accuracy": 0.8976481481481482, "val_loss": 0.34768852373350423, "val_accuracy": 0.8781666666666667, "_runtime": 25, "_timestamp": 1645777454, "_step": 5, "test_loss": 0.3757975085537055, "test_accuracy": 0.8654, "_wandb": {"runtime": 24}}