{"epoch": 10, "train_loss": 0.5616176076026389, "train_accuracy": 0.8117037037037037, "val_loss": 0.5643408532556949, "val_accuracy": 0.8146666666666667, "_runtime": 23, "_timestamp": 1645729406, "_step": 9, "_wandb": {"runtime": 22}}