{"epoch": 5, "train_loss": 0.3222753766014208, "train_accuracy": 0.8822037037037037, "val_loss": 0.3715261237318929, "val_accuracy": 0.8646666666666667, "_runtime": 14, "_timestamp": 1645726050, "_step": 4, "_wandb": {"runtime": 14}}