{"epoch": 5, "train_loss": 0.30903666099010113, "train_accuracy": 0.886537037037037, "val_loss": 0.36001217867567403, "val_accuracy": 0.8655, "_runtime": 21, "_timestamp": 1645728101, "_step": 4, "_wandb": {"runtime": 20}}