{"epoch": 5, "train_loss": 0.30236977706452456, "train_accuracy": 0.8891851851851852, "val_loss": 0.34272224653800726, "val_accuracy": 0.875, "_runtime": 13, "_timestamp": 1645727108, "_step": 4, "_wandb": {"runtime": 12}}