{"epoch": 5, "train_loss": 0.29642830847836643, "train_accuracy": 0.8910370370370371, "val_loss": 0.34017272626511214, "val_accuracy": 0.88, "_runtime": 12, "_timestamp": 1645726432, "_step": 4, "_wandb": {"runtime": 11}}