{"epoch": 5, "train_loss": 0.3281469078911731, "train_accuracy": 0.8829444444444444, "val_loss": 0.3944162976715387, "val_accuracy": 0.8583333333333333, "_runtime": 15, "_timestamp": 1645732814, "_step": 4, "_wandb": {"runtime": 14}}