{"epoch": 10, "train_loss": 0.22144863468893683, "train_accuracy": 0.9208148148148149, "val_loss": 0.3309342854456418, "val_accuracy": 0.8841666666666667, "_runtime": 30, "_timestamp": 1645728605, "_step": 9, "_wandb": {"runtime": 30}}