{"epoch": 5, "train_loss": 0.30594141861209123, "train_accuracy": 0.8890555555555556, "val_loss": 0.3269895176501942, "val_accuracy": 0.8823333333333333, "_runtime": 25, "_timestamp": 1645728350, "_step": 4, "_wandb": {"runtime": 25}}