{"epoch": 10, "train_loss": 0.23421534352305984, "train_accuracy": 0.9148333333333334, "val_loss": 0.32522761179637855, "val_accuracy": 0.8836666666666667, "_runtime": 44, "_timestamp": 1645784005, "_step": 10, "test_loss": 0.35506945607090945, "test_accuracy": 0.8733, "_wandb": {"runtime": 43}}