{"epoch": 10, "train_loss": 0.20930298225972133, "train_accuracy": 0.9238703703703703, "val_loss": 0.33612338453821755, "val_accuracy": 0.8826666666666667, "_runtime": 34, "_timestamp": 1645731738, "_step": 9, "_wandb": {"runtime": 34}}