{"epoch": 5, "train_loss": 0.0710267556631724, "train_accuracy": 0.45635185185185184, "val_loss": 0.06546704306543163, "val_accuracy": 0.5186666666666667, "_runtime": 50, "_timestamp": 1645799605, "_step": 5, "test_loss": 0.06546591711410943, "test_accuracy": 0.5164, "test_conf_mat_table": {"_type": "table-file", "path": "media/table/test_conf_mat_table_5_c7991af5c5d1486256e8.table.json", "sha256": "c7991af5c5d1486256e870f4f3abe7721a8aa122671963863d0aedea5875c4c1", "size": 2937, "artifact_path": "wandb-client-artifact://unhm9zh62fgyyjbl53hi1jm3hxqe5yv2525xveyefba1zjjc1mj48d9zbdcx4jjxg5x39sdh2gxd5hqp1kg6zsycrfm655yv03wxcs0ad94l1l2en3uslaax2i5hlv08:latest/test_conf_mat_table.table.json", "_latest_artifact_path": "wandb-client-artifact://unhm9zh62fgyyjbl53hi1jm3hxqe5yv2525xveyefba1zjjc1mj48d9zbdcx4jjxg5x39sdh2gxd5hqp1kg6zsycrfm655yv03wxcs0ad94l1l2en3uslaax2i5hlv08:latest/test_conf_mat_table.table.json", "ncols": 3, "nrows": 100}, "_wandb": {"runtime": 52}}