{"epoch": 10, "train_loss": 0.33294143343529314, "train_accuracy": 0.8859074074074074, "val_loss": 0.3536837781673142, "val_accuracy": 0.8726666666666667, "_runtime": 23, "_timestamp": 1645730005, "_step": 9, "_wandb": {"runtime": 22}}