{"epoch": 10, "train_loss": 0.24836554728434956, "train_accuracy": 0.9088333333333334, "val_loss": 0.3524623633098138, "val_accuracy": 0.8753333333333333, "_runtime": 24, "_timestamp": 1645729548, "_step": 9, "_wandb": {"runtime": 24}}