{"epoch": 10, "train_loss": 0.25580986270853967, "train_accuracy": 0.9056111111111111, "val_loss": 0.36804637456444583, "val_accuracy": 0.871, "_runtime": 20, "_timestamp": 1645773899, "_step": 10, "test_loss": 0.3874543870937212, "test_accuracy": 0.8646, "_wandb": {"runtime": 19}}