{"epoch": 10, "train_loss": 0.2847583740919727, "train_accuracy": 0.8997777777777778, "val_loss": 0.3607268984416461, "val_accuracy": 0.8668333333333333, "_runtime": 24, "_timestamp": 1645725629, "_step": 9, "_wandb": {"runtime": 23}}