{"epoch": 2, "train_loss": 0.3609272899852581, "train_accuracy": 0.8706481481481482, "val_loss": 0.36352797122365504, "val_accuracy": 0.8691666666666666, "_runtime": 43, "_timestamp": 1645781122, "_step": 1, "_wandb": {"runtime": 44}}