{"epoch": 5, "train_loss": 0.07687301317367753, "train_accuracy": 0.3947037037037037, "val_loss": 0.0731197371013966, "val_accuracy": 0.4121666666666667, "_runtime": 47, "_timestamp": 1645800347, "_step": 5, "test_loss": 0.07310628404701563, "test_accuracy": 0.4102, "test_conf_mat_table": {"_type": "table-file", "path": "media/table/test_conf_mat_table_5_57a758224e8eb37cc043.table.json", "sha256": "57a758224e8eb37cc0433a7400fab9bc7b273b5b252f6494f460ccc826ec7ede", "size": 2927, "artifact_path": "wandb-client-artifact://if0ex8gx5cocpqh8tqafshzbr6ceuqt59c71psodxsbt3ghzwx5r19q68o3v7hc0him8rfhacqrd7zcqk1sqylkrjb26pj5pdpjirj7we9ypm9katx0lf78n12wuat4t:latest/test_conf_mat_table.table.json", "_latest_artifact_path": "wandb-client-artifact://if0ex8gx5cocpqh8tqafshzbr6ceuqt59c71psodxsbt3ghzwx5r19q68o3v7hc0him8rfhacqrd7zcqk1sqylkrjb26pj5pdpjirj7we9ypm9katx0lf78n12wuat4t:latest/test_conf_mat_table.table.json", "ncols": 3, "nrows": 100}, "_wandb": {"runtime": 50}}