{"epoch": 10, "train_loss": 0.25222107928938803, "train_accuracy": 0.9093518518518519, "val_loss": 0.30545949319509236, "val_accuracy": 0.8865, "_runtime": 53, "_timestamp": 1645730312, "_step": 9, "_wandb": {"runtime": 52}}