{"epoch": 5, "train_loss": 0.3318426317797544, "train_accuracy": 0.8852222222222222, "val_loss": 0.3603748619461962, "val_accuracy": 0.8731666666666666, "_runtime": 12, "_timestamp": 1645729156, "_step": 4, "_wandb": {"runtime": 11}}