{"epoch": 5, "train_loss": 0.2962470969363784, "train_accuracy": 0.8921111111111111, "val_loss": 0.34697383986771174, "val_accuracy": 0.8755, "_runtime": 12, "_timestamp": 1645728393, "_step": 4, "_wandb": {"runtime": 11}}