{"epoch": 5, "train_loss": 0.2949635256658477, "train_accuracy": 0.8922777777777777, "val_loss": 0.3410237313683712, "val_accuracy": 0.8748333333333334, "_runtime": 12, "_timestamp": 1645726097, "_step": 4, "_wandb": {"runtime": 11}}