{"epoch": 5, "train_loss": 0.3000092973214769, "train_accuracy": 0.8908703703703704, "val_loss": 0.33981996928560754, "val_accuracy": 0.8758333333333334, "_runtime": 12, "_timestamp": 1645779259, "_step": 5, "test_loss": 0.3699805437193881, "test_accuracy": 0.8691, "_wandb": {"runtime": 12}}