{"epoch": 10, "train_loss": 0.21078370840416027, "train_accuracy": 0.9228888888888889, "val_loss": 0.3263922793596832, "val_accuracy": 0.8868333333333334, "_runtime": 47, "_timestamp": 1645782208, "_step": 10, "test_loss": 0.3597756598527075, "test_accuracy": 0.8776, "_wandb": {"runtime": 47}}