{"epoch": 10, "train_loss": 0.3496853873267883, "train_accuracy": 0.8868703703703704, "val_loss": 0.3946863424145426, "val_accuracy": 0.872, "_runtime": 37, "_timestamp": 1645704541, "_step": 9, "_wandb": {"runtime": 36}}