{"epoch": 10, "train_loss": 0.20200506852791955, "train_accuracy": 0.9261666666666667, "val_loss": 0.34584691885054075, "val_accuracy": 0.888, "_runtime": 22, "_timestamp": 1645729474, "_step": 9, "_wandb": {"runtime": 21}}