{"epoch": 5, "train_loss": 0.32741934225215064, "train_accuracy": 0.8847407407407407, "val_loss": 0.3634347622061763, "val_accuracy": 0.8648333333333333, "_runtime": 19, "_timestamp": 1645730989, "_step": 4, "_wandb": {"runtime": 19}}