{"epoch": 5, "train_loss": 0.4798755352870689, "train_accuracy": 0.8647962962962963, "val_loss": 0.5270904255400792, "val_accuracy": 0.8528333333333333, "_runtime": 19, "_timestamp": 1645725509, "_step": 4, "_wandb": {"runtime": 18}}