{"epoch": 5, "train_loss": 0.23944108873643577, "train_accuracy": 0.9111296296296296, "val_loss": 0.32353978644647413, "val_accuracy": 0.8846666666666667, "_runtime": 25, "_timestamp": 1645778200, "_step": 5, "test_loss": 0.3547544330251526, "test_accuracy": 0.8784, "_wandb": {"runtime": 25}}