{"epoch": 10, "train_loss": 0.013110271757532143, "train_accuracy": 0.9149444444444444, "val_loss": 0.016579877480639993, "val_accuracy": 0.885, "_runtime": 88, "_timestamp": 1645799438, "_step": 10, "test_loss": 0.017985441059931148, "test_accuracy": 0.8783, "test_conf_mat_table": {"_type": "table-file", "path": "media/table/test_conf_mat_table_10_0e34617ffe4892852d61.table.json", "sha256": "0e34617ffe4892852d6117acfd373f3c4d5e6efe5bacd98f923cede8363e5771", "size": 2930, "artifact_path": "wandb-client-artifact://ka3hjc84a882kx7vj5iexr7squbulz7xk7an41py5g8fkssuef54wk65ysmddre9rau9cl6361zyc7exubm8ohxa370bkhl33wof2plq7g771x067pte5z0856ya1fv8:latest/test_conf_mat_table.table.json", "_latest_artifact_path": "wandb-client-artifact://ka3hjc84a882kx7vj5iexr7squbulz7xk7an41py5g8fkssuef54wk65ysmddre9rau9cl6361zyc7exubm8ohxa370bkhl33wof2plq7g771x067pte5z0856ya1fv8:latest/test_conf_mat_table.table.json", "ncols": 3, "nrows": 100}, "_wandb": {"runtime": 91}}