{"epoch": 5, "train_loss": 0.4072577095181338, "train_accuracy": 0.8544196781200631, "val_loss": 0.3947154438475325, "val_accuracy": 0.8535, "_runtime": 15, "_timestamp": 1645703966, "_step": 4, "_wandb": {"runtime": 13}}