{"epoch": 10, "train_loss": 0.25627981331717026, "train_accuracy": 0.9081481481481481, "val_loss": 0.31934499157204604, "val_accuracy": 0.8818333333333334, "_runtime": 31, "_timestamp": 1645730631, "_step": 9, "_wandb": {"runtime": 31}}