{"epoch": 10, "train_loss": 0.32279406334745375, "train_accuracy": 0.8836111111111111, "val_loss": 0.3942455963755956, "val_accuracy": 0.8568333333333333, "_runtime": 35, "_timestamp": 1645724450, "_step": 9, "_wandb": {"runtime": 34}}