{"epoch": 10, "train_loss": 0.25473799903050764, "train_accuracy": 0.9055740740740741, "val_loss": 0.38199224980855956, "val_accuracy": 0.8708333333333333, "_runtime": 35, "_timestamp": 1645725055, "_step": 9, "_wandb": {"runtime": 34}}