{"epoch": 10, "train_loss": 0.2820091741802391, "train_accuracy": 0.8975925925925926, "val_loss": 0.3702820676225762, "val_accuracy": 0.869, "_runtime": 24, "_timestamp": 1645725756, "_step": 9, "_wandb": {"runtime": 23}}