{"epoch": 10, "train_loss": 2.302731993315461, "train_accuracy": 0.09614814814814815, "val_loss": 2.3026057845858436, "val_accuracy": 0.1, "_runtime": 27, "_timestamp": 1645780897, "_step": 10, "test_loss": 2.3026057845858436, "test_accuracy": 0.1, "_wandb": {"runtime": 27}}