{"epoch": 5, "train_loss": 0.24851729112689988, "train_accuracy": 0.9085925925925926, "val_loss": 0.3029174904155993, "val_accuracy": 0.8895, "_runtime": 17, "_timestamp": 1645778566, "_step": 5, "test_loss": 0.33931140066216275, "test_accuracy": 0.8821, "_wandb": {"runtime": 17}}