{"epoch": 5, "train_loss": 0.4752000602842232, "train_accuracy": 0.8434814814814815, "val_loss": 0.4665639335226933, "val_accuracy": 0.8396666666666667, "_runtime": 19, "_timestamp": 1645703143, "_step": 4, "_wandb": {"runtime": 18}}