{"epoch": 10, "train_loss": 0.30894389171596864, "train_accuracy": 0.8943333333333333, "val_loss": 0.3686881485920344, "val_accuracy": 0.8735, "_runtime": 18, "_timestamp": 1645731878, "_step": 9, "_wandb": {"runtime": 18}}