{"epoch": 10, "train_loss": 0.22001850227126393, "train_accuracy": 0.9195, "val_loss": 0.3389364407014139, "val_accuracy": 0.8866666666666667, "_runtime": 23, "_timestamp": 1645725011, "_step": 9, "_wandb": {"runtime": 22}}