{"epoch": 5, "train_loss": 0.3061732009324712, "train_accuracy": 0.8879814814814815, "val_loss": 0.35382347940380116, "val_accuracy": 0.8703333333333333, "_runtime": 19, "_timestamp": 1645731493, "_step": 4, "_wandb": {"runtime": 18}}