{"epoch": 5, "train_loss": 0.32295848164392404, "train_accuracy": 0.8851111111111111, "val_loss": 0.3406905856365343, "val_accuracy": 0.878, "_runtime": 20, "_timestamp": 1645778644, "_step": 5, "test_loss": 0.3708502966201743, "test_accuracy": 0.8685, "_wandb": {"runtime": 19}}