{"epoch": 10, "train_loss": 0.27201944905355735, "train_accuracy": 0.904009922985782, "val_loss": 0.3518463444625648, "val_accuracy": 0.8733333333333333, "_runtime": 23, "_timestamp": 1645703114, "_step": 9, "_wandb": {"runtime": 22}}