{"epoch": 5, "train_loss": 0.33749094246669514, "train_accuracy": 0.8775925925925926, "val_loss": 0.3824732720267363, "val_accuracy": 0.8581666666666666, "_runtime": 39, "_timestamp": 1645700039, "_step": 4, "_wandb": {"runtime": 39}}