{"epoch": 10, "train_loss": 0.3933019970835224, "train_accuracy": 0.870462962962963, "val_loss": 0.4065633960974653, "val_accuracy": 0.8663333333333333, "_runtime": 19, "_timestamp": 1645785406, "_step": 10, "test_loss": 0.43858016610813155, "test_accuracy": 0.8516, "_wandb": {"runtime": 18}}