{"epoch": 10, "train_loss": 0.038335227028496344, "train_accuracy": 0.9902777777777778, "val_loss": 0.08032996399311142, "val_accuracy": 0.9748333333333333, "_runtime": 74, "_timestamp": 1645790126, "_step": 10, "test_loss": 0.07276851758820634, "test_accuracy": 0.9759, "_wandb": {"runtime": 73}}