{"epoch": 10, "train_loss": 0.3768538899139535, "train_accuracy": 0.87, "val_loss": 0.38817503794722186, "val_accuracy": 0.8618333333333333, "_runtime": 33, "_timestamp": 1645701894, "_step": 9, "_wandb": {"runtime": 32}}