{"epoch": 10, "train_loss": 0.34974422386504195, "train_accuracy": 0.8771228278041076, "val_loss": 0.36016330237426475, "val_accuracy": 0.8708333333333333, "_runtime": 34, "_timestamp": 1645701308, "_step": 9, "_wandb": {"runtime": 33}}