{"epoch": 10, "train_loss": 0.2282978674647806, "train_accuracy": 0.9182777777777777, "val_loss": 0.3083209305540547, "val_accuracy": 0.888, "_runtime": 24, "_timestamp": 1645780781, "_step": 10, "test_loss": 0.342306334707294, "test_accuracy": 0.882, "_wandb": {"runtime": 23}}