{"epoch": 10, "train_loss": 0.294744937769556, "train_accuracy": 0.8941111111111111, "val_loss": 0.36985779313320366, "val_accuracy": 0.8636666666666667, "_runtime": 26, "_timestamp": 1645727464, "_step": 9, "_wandb": {"runtime": 25}}