{"epoch": 5, "train_loss": 0.3452169182490235, "train_accuracy": 0.8786481481481482, "val_loss": 0.37524533659868053, "val_accuracy": 0.8678333333333333, "_runtime": 12, "_timestamp": 1645732146, "_step": 4, "_wandb": {"runtime": 12}}