{"epoch": 5, "train_loss": 0.3490053010817772, "train_accuracy": 0.8729444444444444, "val_loss": 0.3945004150946136, "val_accuracy": 0.8566666666666667, "_runtime": 24, "_timestamp": 1645727968, "_step": 4, "_wandb": {"runtime": 24}}