{"epoch": 5, "train_loss": 0.33291906960070644, "train_accuracy": 0.878962962962963, "val_loss": 0.3552997965190484, "val_accuracy": 0.8701666666666666, "_runtime": 12, "_timestamp": 1645724875, "_step": 4, "_wandb": {"runtime": 12}}