{"epoch": 10, "train_loss": 0.2812563083755005, "train_accuracy": 0.8998888888888888, "val_loss": 0.37636655056021373, "val_accuracy": 0.865, "_runtime": 34, "_timestamp": 1645732421, "_step": 9, "_wandb": {"runtime": 34}}