{"epoch": 5, "train_loss": 0.35982869224989245, "train_accuracy": 0.8684340442338072, "val_loss": 0.3898448947508365, "val_accuracy": 0.8578333333333333, "_runtime": 15, "_timestamp": 1645701143, "_step": 4, "_wandb": {"runtime": 13}}