{"epoch": 5, "train_loss": 0.3220937917246189, "train_accuracy": 0.8849259259259259, "val_loss": 0.360488747631405, "val_accuracy": 0.8688333333333333, "_runtime": 18, "_timestamp": 1645726653, "_step": 4, "_wandb": {"runtime": 18}}