{"epoch": 10, "train_loss": 0.2937695626968472, "train_accuracy": 0.8959444444444444, "val_loss": 0.3397997117649837, "val_accuracy": 0.8791666666666667, "_runtime": 23, "_timestamp": 1645730346, "_step": 9, "_wandb": {"runtime": 23}}