{"epoch": 5, "loss": 2.192485992753834, "accuracy": 0.3006666666666667, "_runtime": 24, "_timestamp": 1645699681, "_step": 4, "_wandb": {"runtime": 23}}