{"epoch": 10, "train_loss": 2.269855338543409, "train_accuracy": 0.42583333333333334, "val_loss": 2.2676176717989485, "val_accuracy": 0.3968333333333333, "_runtime": 80, "_timestamp": 1645770731, "_step": 10, "test_loss": 2.2681045724511883, "test_accuracy": 0.4002, "_wandb": {"runtime": 79}}