{"epoch": 2, "train_loss": 0.35747655185221155, "train_accuracy": 0.8705185185185185, "val_loss": 0.35005188665617054, "val_accuracy": 0.8711666666666666, "_runtime": 49, "_timestamp": 1645781210, "_step": 2, "test_loss": 0.38429619034122636, "test_accuracy": 0.8598, "conf_mat_table": {"_type": "table-file", "path": "media/table/conf_mat_table_2_52b28c523448573fe333.table.json", "sha256": "52b28c523448573fe333e72883d051a769b61ee0e33f2176581ec1fac730bf60", "size": 2932, "artifact_path": "wandb-client-artifact://11g06xv30id0szqftrnrxxnrxmha0980pslw4rznnfmi0c9mjldr0brcir4cswgvdvqkp4ukndy0anhxvy1nxer62d0mp10ihe0d0j54vgc0bxibh41tpjci5sex4g98:latest/conf_mat_table.table.json", "_latest_artifact_path": "wandb-client-artifact://11g06xv30id0szqftrnrxxnrxmha0980pslw4rznnfmi0c9mjldr0brcir4cswgvdvqkp4ukndy0anhxvy1nxer62d0mp10ihe0d0j54vgc0bxibh41tpjci5sex4g98:latest/conf_mat_table.table.json", "ncols": 3, "nrows": 100}, "_wandb": {"runtime": 52}}