{"epoch": 5, "train_loss": 0.363848745246242, "train_accuracy": 0.8706296296296296, "val_loss": 0.40216797494715417, "val_accuracy": 0.8563333333333333, "_runtime": 19, "_timestamp": 1645725083, "_step": 4, "_wandb": {"runtime": 19}}