{"epoch": 10, "train_loss": 0.33702462930358684, "train_accuracy": 0.8788703703703704, "val_loss": 0.34795528727629393, "val_accuracy": 0.8748333333333334, "_runtime": 34, "_timestamp": 1645729308, "_step": 9, "_wandb": {"runtime": 33}}