{"epoch": 10, "train_loss": 0.19614865829188596, "train_accuracy": 0.9315511453396526, "val_loss": 0.3135235725490047, "val_accuracy": 0.8913333333333333, "_runtime": 34, "_timestamp": 1645704348, "_step": 9, "_wandb": {"runtime": 32}}