{"epoch": 5, "train_loss": 0.3095699500827335, "train_accuracy": 0.8876111111111111, "val_loss": 0.3446199788750917, "val_accuracy": 0.8743333333333333, "_runtime": 18, "_timestamp": 1645775957, "_step": 5, "test_loss": 0.3733246524335576, "test_accuracy": 0.8633, "_wandb": {"runtime": 17}}