{"epoch": 5, "train_loss": 0.303110564563002, "train_accuracy": 0.8892962962962963, "val_loss": 0.3443737225116588, "val_accuracy": 0.8683333333333333, "_runtime": 13, "_timestamp": 1645775331, "_step": 5, "test_loss": 0.3830735027335141, "test_accuracy": 0.8611, "_wandb": {"runtime": 13}}