{"epoch": 5, "train_loss": 0.3504619343978478, "train_accuracy": 0.8766666666666667, "val_loss": 0.3827212738490853, "val_accuracy": 0.8613333333333333, "_runtime": 13, "_timestamp": 1645780070, "_step": 5, "test_loss": 0.4100702266886094, "test_accuracy": 0.8556, "_wandb": {"runtime": 12}}