{"epoch": 5, "train_loss": 0.2757176988080345, "train_accuracy": 0.8981851851851852, "val_loss": 0.31906059993337244, "val_accuracy": 0.8846666666666667, "_runtime": 20, "_timestamp": 1645731852, "_step": 4, "_wandb": {"runtime": 19}}