{"epoch": 10, "train_loss": 0.5281569142004928, "train_accuracy": 0.8272222222222222, "val_loss": 0.5294478032243353, "val_accuracy": 0.8266666666666667, "_runtime": 35, "_timestamp": 1645731338, "_step": 9, "_wandb": {"runtime": 34}}