{"epoch": 5, "train_loss": 0.32278321105271235, "train_accuracy": 0.8837592592592592, "val_loss": 0.34296778127984967, "val_accuracy": 0.877, "_runtime": 12, "_timestamp": 1645780801, "_step": 5, "test_loss": 0.3764094065556538, "test_accuracy": 0.864, "_wandb": {"runtime": 12}}