{"epoch": 5, "train_loss": 0.2995124953297356, "train_accuracy": 0.888425925925926, "val_loss": 0.3422181610631237, "val_accuracy": 0.8716666666666667, "_runtime": 20, "_timestamp": 1645727196, "_step": 4, "_wandb": {"runtime": 19}}