{"epoch": 5, "train_loss": 0.36028695247839104, "train_accuracy": 0.871537037037037, "val_loss": 0.39978699063477857, "val_accuracy": 0.857, "_runtime": 20, "_timestamp": 1645727858, "_step": 4, "_wandb": {"runtime": 20}}