{"epoch": 5, "train_loss": 0.34357739348895394, "train_accuracy": 0.8813333333333333, "val_loss": 0.37276094264897225, "val_accuracy": 0.8645, "_runtime": 14, "_timestamp": 1645779934, "_step": 5, "test_loss": 0.4131406498478361, "test_accuracy": 0.8531, "_wandb": {"runtime": 13}}