{"epoch": 5, "train_loss": 0.30354085534553843, "train_accuracy": 0.8882222222222222, "val_loss": 0.3597688270638189, "val_accuracy": 0.8653333333333333, "_runtime": 16, "_timestamp": 1645779667, "_step": 5, "test_loss": 0.39529241159893647, "test_accuracy": 0.8588, "_wandb": {"runtime": 16}}