{"epoch": 5, "train_loss": 0.4179607033736566, "train_accuracy": 0.8613148148148149, "val_loss": 0.41880664778494564, "val_accuracy": 0.8588333333333333, "_runtime": 13, "_timestamp": 1645779691, "_step": 5, "test_loss": 0.45272448009135086, "test_accuracy": 0.8458, "_wandb": {"runtime": 13}}