{"epoch": 5, "train_loss": 0.32366984511504443, "train_accuracy": 0.8847407407407407, "val_loss": 0.36827490433224513, "val_accuracy": 0.866, "_runtime": 19, "_timestamp": 1645724948, "_step": 4, "_wandb": {"runtime": 18}}