{"epoch": 5, "train_loss": 0.2596242281774093, "train_accuracy": 0.9050925925925926, "val_loss": 0.3162033924426328, "val_accuracy": 0.8836666666666667, "_runtime": 17, "_timestamp": 1645774219, "_step": 5, "test_loss": 0.35486805108685787, "test_accuracy": 0.877, "_wandb": {"runtime": 15}}