{"epoch": 10, "train_loss": 0.35786139277189855, "train_accuracy": 0.8749444444444444, "val_loss": 0.36797500197909955, "val_accuracy": 0.8678333333333333, "_runtime": 30, "_timestamp": 1645732701, "_step": 9, "_wandb": {"runtime": 29}}