{"epoch": 5, "train_loss": 1.4470115285781928, "train_accuracy": 0.655537037037037, "val_loss": 1.381257382379342, "val_accuracy": 0.6695, "_runtime": 27, "_timestamp": 1645771397, "_step": 5, "test_loss": 1.3858442107196416, "test_accuracy": 0.6636, "_wandb": {"runtime": 27}}