{"epoch": 5, "train_loss": 0.3293596893866655, "train_accuracy": 0.8817037037037037, "val_loss": 0.3753530672319989, "val_accuracy": 0.8623333333333333, "_runtime": 15, "_timestamp": 1645725986, "_step": 4, "_wandb": {"runtime": 14}}