{"epoch": 10, "train_loss": 0.3324851383118151, "train_accuracy": 0.8811481481481481, "val_loss": 0.3849348766971035, "val_accuracy": 0.8586666666666667, "_runtime": 38, "_timestamp": 1645770342, "_step": 9, "_wandb": {"runtime": 38}}