{"epoch": 5, "train_loss": 0.32458918222723704, "train_accuracy": 0.8829444444444444, "val_loss": 0.37522414146221944, "val_accuracy": 0.864, "_runtime": 15, "_timestamp": 1645726849, "_step": 4, "_wandb": {"runtime": 14}}