{"epoch": 5, "train_loss": 0.35049323073632116, "train_accuracy": 0.874537037037037, "val_loss": 0.36396597613829884, "val_accuracy": 0.868, "_runtime": 18, "_timestamp": 1645727681, "_step": 4, "_wandb": {"runtime": 18}}