{"epoch": 5, "train_loss": 0.28800689789859885, "train_accuracy": 0.8957037037037037, "val_loss": 0.3140546770573517, "val_accuracy": 0.8856666666666667, "_runtime": 45, "_timestamp": 1645776947, "_step": 5, "test_loss": 0.35140926882664014, "test_accuracy": 0.8743, "_wandb": {"runtime": 44}}