{"epoch": 10, "train_loss": 0.012313893476150426, "train_accuracy": 0.9213148148148148, "val_loss": 0.016553010526549963, "val_accuracy": 0.8853333333333333, "_runtime": 78, "_timestamp": 1645798978, "_step": 10, "test_loss": 0.017988995847662226, "test_accuracy": 0.8779, "test_conf_mat_table": {"_type": "table-file", "path": "media/table/test_conf_mat_table_10_143437fcc3b439ffb156.table.json", "sha256": "143437fcc3b439ffb156e3fcee891af863892575c1138d5c47191b814906dc65", "size": 2929, "artifact_path": "wandb-client-artifact://tr63gph6e78e452r7d5imf8c0dqsp2bdt3cxa83tla8bvc6cbx4gm9pu348j2s4054dsqr3nqvcutgsvihb2uwqch1solujo9r17fc02vykq6c4c9liop94k6l0bmdsg:latest/test_conf_mat_table.table.json", "_latest_artifact_path": "wandb-client-artifact://tr63gph6e78e452r7d5imf8c0dqsp2bdt3cxa83tla8bvc6cbx4gm9pu348j2s4054dsqr3nqvcutgsvihb2uwqch1solujo9r17fc02vykq6c4c9liop94k6l0bmdsg:latest/test_conf_mat_table.table.json", "ncols": 3, "nrows": 100}, "_wandb": {"runtime": 81}}