{"epoch": 5, "train_loss": 0.40315754432312256, "train_accuracy": 0.8606851851851852, "val_loss": 0.44222463721947847, "val_accuracy": 0.8441666666666666, "_runtime": 13, "_timestamp": 1645780748, "_step": 5, "test_loss": 0.49615087328423335, "test_accuracy": 0.839, "_wandb": {"runtime": 12}}