{"epoch": 5, "train_loss": 0.327227314254608, "train_accuracy": 0.8848888888888888, "val_loss": 0.37171094250889597, "val_accuracy": 0.8685, "_runtime": 19, "_timestamp": 1645727544, "_step": 4, "_wandb": {"runtime": 19}}