{"epoch": 10, "train_loss": 0.2740808062015897, "train_accuracy": 0.904074074074074, "val_loss": 0.36375934367632057, "val_accuracy": 0.8683333333333333, "_runtime": 24, "_timestamp": 1645727898, "_step": 9, "_wandb": {"runtime": 23}}