{"epoch": 10, "train_loss": 0.2704464111764951, "train_accuracy": 0.9025185185185185, "val_loss": 0.36138216195473993, "val_accuracy": 0.875, "_runtime": 35, "_timestamp": 1645730250, "_step": 9, "_wandb": {"runtime": 34}}