{"epoch": 5, "train_loss": 0.23759421198557462, "train_accuracy": 0.9115925925925926, "val_loss": 0.3240921848863377, "val_accuracy": 0.883, "_runtime": 18, "_timestamp": 1645777871, "_step": 5, "test_loss": 0.3589679648514502, "test_accuracy": 0.8776, "_wandb": {"runtime": 17}}