{"epoch": 10, "train_loss": 0.23675273175791564, "train_accuracy": 0.9122852488151659, "val_loss": 0.3249123503950036, "val_accuracy": 0.8856666666666667, "_runtime": 26, "_timestamp": 1645704142, "_step": 9, "_wandb": {"runtime": 25}}