{"epoch": 5, "train_loss": 0.2713848122436793, "train_accuracy": 0.8991111111111111, "val_loss": 0.33481730667550064, "val_accuracy": 0.8771666666666667, "_runtime": 24, "_timestamp": 1645774376, "_step": 5, "test_loss": 0.3686606337685496, "test_accuracy": 0.871, "_wandb": {"runtime": 23}}