{"epoch": 5, "train_loss": 0.07375896850419222, "train_accuracy": 0.4207037037037037, "val_loss": 0.06911449927532852, "val_accuracy": 0.48383333333333334, "_runtime": 79, "_timestamp": 1645800068, "_step": 11, "test_loss": 0.06911085479564337, "test_accuracy": 0.4821, "loss_function": "MSE", "test_conf_mat_table": {"_type": "table-file", "path": "media/table/test_conf_mat_table_11_15cadf44495f310613c4.table.json", "sha256": "15cadf44495f310613c4cbe9d92f4a7ac241ffc6e420ed2aa588da66724ba112", "size": 2929, "artifact_path": "wandb-client-artifact://kqjrqgf24o5mlh8l17b66rak1egj5vhzyzu4txjcsfcx5rtgix7055rpehctaa09frcsp4lj4uy7mju79rredp3fxwepvn8bq440g1j5dl1bft3vm1tkpx7hp8uw6c7h:latest/test_conf_mat_table.table.json", "_latest_artifact_path": "wandb-client-artifact://kqjrqgf24o5mlh8l17b66rak1egj5vhzyzu4txjcsfcx5rtgix7055rpehctaa09frcsp4lj4uy7mju79rredp3fxwepvn8bq440g1j5dl1bft3vm1tkpx7hp8uw6c7h:latest/test_conf_mat_table.table.json", "ncols": 3, "nrows": 100}, "_wandb": {"runtime": 81}}