{"epoch": 10, "train_loss": 0.31835050635204115, "train_accuracy": 0.8845555555555555, "val_loss": 0.3669435922767004, "val_accuracy": 0.8633333333333333, "_runtime": 33, "_timestamp": 1645734263, "_step": 9, "_wandb": {"runtime": 32}}