{"epoch": 10, "train_loss": 0.19069811999088546, "train_accuracy": 0.9327592592592593, "val_loss": 0.32877623675062356, "val_accuracy": 0.8883333333333333, "_runtime": 218, "_timestamp": 1645781512, "_step": 10, "test_loss": 0.36920010005515985, "test_accuracy": 0.8752, "conf_mat_table": {"_type": "table-file", "path": "media/table/conf_mat_table_10_0fae31a545ead2b2f963.table.json", "sha256": "0fae31a545ead2b2f963668fac6be188cbc71c574451866c43c18e19a6865265", "size": 2930, "artifact_path": "wandb-client-artifact://w168yco3rlz3flk54lo2xll4jxc23kv4v4rjvktpplxs5dfe5tic45pd6577l1a8dqflq38ksqaj5nr34gn0jkarl8n21nhitpzd0b5braki4ic10yqmkzkau074dmwf:latest/conf_mat_table.table.json", "_latest_artifact_path": "wandb-client-artifact://w168yco3rlz3flk54lo2xll4jxc23kv4v4rjvktpplxs5dfe5tic45pd6577l1a8dqflq38ksqaj5nr34gn0jkarl8n21nhitpzd0b5braki4ic10yqmkzkau074dmwf:latest/conf_mat_table.table.json", "ncols": 3, "nrows": 100}, "_wandb": {"runtime": 220}}